model,prompt_style,persona_id,is_correct,expected_ticket,recommended_ticket,explanation,factual_correctness,logical_clarity,approved_recommendation,comment
gemini-2.5-pro-preview-03-25,persona+examples,casual_traveler,True,"{'name': 'Single ticket', 'category': 'adult', 'number_of_zones': 1}","{'name': 'Single ticket', 'category': 'adult', 'number_of_zones': 1}","Hei! Siden du er 37 år gammel, faller du inn under kategorien 'voksen' (20 til 66 år). Når du reiser såpass sjelden som du beskriver – kun av og til når været er dårlig – vil det mest lønnsomme for deg være å kjøpe enkeltbilletter for hver tur. En enkeltbillett for voksne i én sone koster 45 kroner.

Periodiske billetter, som 7-dagersbillett (315 kr) eller 30-dagersbillett (926 kr), vil ikke lønne seg med mindre du reiser svært ofte. For eksempel må du ta bussen mer enn 7 ganger i løpet av en uke for at 7-dagersbilletten skal lønne seg, eller mer enn 20 ganger i måneden for at 30-dagersbilletten skal lønne seg (926 / 45 ≈ 20.6 turer).

Enkeltbilletten er gyldig i 90 minutter i én sone fra du aktiverer den (eller opptil 3 timer hvis den aktiveres etter kl. 18:00 på hverdager eller når som helst i helgene). Dette betyr at du kan bytte buss eller trikk innenfor sonen så lenge billetten er gyldig. Reiser du innenfor sone A, kan billetten også brukes på toget.

Et alternativ kan være Klippekort buss. Det koster 450 kroner for 10 turer i én sone, noe som gir samme pris per tur som en enkeltbillett (45 kroner). Fordelen er at du slipper å kjøpe billett hver gang, men det gir ingen prisreduksjon. For svært sporadisk reise er enkeltbilletten ofte det enkleste.

Et lite tips: Du kan enkelt kjøpe enkeltbilletter i AtB-appen rett før du skal reise. Da slipper du å tenke på det når bussen kommer.",,,,
gemini-2.5-pro-preview-03-25,persona+examples,visitor_day_trip,True,"{'name': 'Single ticket', 'category': 'adult', 'number_of_zones': 2}","{'name': 'Single ticket', 'category': 'adult', 'number_of_zones': 2}","Hei! Siden du er 29 år gammel, faller du inn under kategorien 'voksen', som gjelder for personer mellom 20 og 66 år. For sporadiske reiser 1-2 ganger i måneden innenfor 2 soner, er det mest hensiktsmessige og rimeligste alternativet å kjøpe en enkeltbillett for hver tur.

En enkeltbillett for voksne i 2 soner koster 90 NOK. Dette passer godt for deg som reiser sjelden, da du kun betaler for de turene du faktisk tar. Månedskostnaden din vil da ligge på 90-180 NOK, avhengig av om du reiser én eller to ganger.

Periodiske billetter som 7-dagers eller 30-dagersbillett (som koster 630 NOK og 1230 NOK for 2 soner) vil være betydelig dyrere med ditt reisemønster. Enkeltbilletten er gyldig for hele reisen din så lenge den er gyldig når du går om bord på bussen (eller trikk/tog i sone A). Billetten er ikke gyldig på nattbuss.

Et alternativ kan være Klippekort for buss. For 2 soner koster dette 900 NOK og gir deg 10 enkeltreiser (90 NOK per reise). Dette gir ingen prisbesparelse sammenlignet med enkeltbilletter, men kan være praktisk hvis du foretrekker å kjøpe flere turer samlet og slippe å kjøpe billett hver gang. Klippekortet er heller ikke gyldig på nattbuss.",,,,
gemini-2.5-pro-preview-03-25,persona+examples,casual_traveler_student,True,"{'name': '180-day ticket', 'category': 'student', 'number_of_zones': 1}","{'name': '180-day ticket', 'category': 'student', 'number_of_zones': 1}","Hei! Siden du er 20 år gammel og student, faller du inn under studentkategorien (studenter under 35 år). Husk at du må ha med gyldig studentbevis når du reiser på studentbillett.

Du reiser ganske sjelden, omtrent én tur-retur til sentrum per uke (ca. 8 turer i måneden) og én nattbusstur i måneden, alt innenfor én sone. La oss se på kostnadene:

*   **Enkeltbilletter:** En enkeltbillett for student koster 45 kr. For 8 turer blir det 360 kr. Enkeltbilletter er *ikke* gyldige på nattbussen. For nattbussen trenger du en egen nattbillett (""Natt 1"") som koster 120 kr. Total månedlig kostnad blir da omtrent 360 kr + 120 kr = 480 kr.
*   **30-dagersbillett (Student):** Denne koster 555 kr for én sone. Den inkluderer nattbuss og ubegrenset reise, men er dyrere enn å kjøpe enkeltbilletter og nattbillett basert på ditt nåværende reisebehov.
*   **180-dagersbillett (Student):** Denne koster 2775 kr for én sone, som tilsvarer 462,50 kr per måned i gjennomsnitt. Dette er litt billigere enn å kjøpe enkeltbilletter og nattbillett (480 kr/måned).

Basert på dette anbefaler jeg **180-dagersbilletten for studenter**. Selv om du reiser sjelden, blir den gjennomsnittlige månedskostnaden litt lavere enn å kjøpe enkeltbilletter og nattbillett. I tillegg gir den deg stor fleksibilitet med ubegrenset antall reiser, den inkluderer nattbuss (så du slipper å tenke på egen billett for det), og du får også tilgang til bysykler fra Trondheim Bysykkel og 2 timer gratis leiebil fra Hyre hver måned. Dette gir deg mer verdi og bekymringsfri reise.

**Alternativ:** Du kan kjøpe enkeltbilletter for dagsturene og en Natt 1-billett for nattbussreisen. Dette krever mindre penger på én gang, men den totale månedlige kostnaden blir sannsynligvis litt høyere (ca. 480 kr), og du går glipp av fordelene som periodebilletten gir. Om du reiser bare én ekstra tur i måneden, vil 180-dagersbilletten lønne seg.

**Tips:** Husk gyldig studentbevis! Billetten din er gyldig på buss, og hvis du reiser innenfor sone A, kan den også brukes på trikk og tog.",,,,
gemini-2.5-pro-preview-03-25,persona+examples,casual_traveler_student,False,"{'name': '180-day ticket', 'category': 'student', 'number_of_zones': 1}","{'name': '30-day ticket', 'category': 'student', 'number_of_zones': 1}","Hei! Siden du er 20 år og student, faller du inn under studentkategorien (studenter under 35 år). Husk at du må ha med gyldig studentbevis når du reiser med studentbillett.

Du reiser ca. én gang i uken (tur/retur) pluss nattbuss én gang i måneden, alt innenfor én sone. La oss se på alternativene:

1.  **Enkeltbilletter:** En enkeltbillett for studenter i én sone koster 45 kr (samme som voksen). Med ca. 8 turer i måneden blir dette 360 kr. Enkeltbilletter gjelder *ikke* på nattbussen, så du måtte kjøpt en egen nattbussbillett (Natt 1) til 120 kr. Total kostnad per måned ville vært rundt 480 kr.
2.  **30-dagers studentbillett:** Denne koster 555 kr for én sone. Den gir deg ubegrenset reise innenfor sonen, og inkluderer også nattbuss. 

Selv om enkeltbilletter kombinert med en nattbussbillett teknisk sett er litt billigere (480 kr vs 555 kr) basert på *minimumsreisingen* du beskriver, anbefaler jeg **30-dagers studentbillett**. Forskjellen er bare 75 kr per måned, og 30-dagersbilletten gir deg mye mer verdi:
*   **Nattbuss inkludert:** Du slipper å kjøpe en separat og dyr billett (120 kr) de gangene du tar nattbussen.
*   **Ubegrenset reise:** Du kan ta bussen så mye du vil innenfor sonen, uten å tenke på ekstra kostnader. Tar du bare én ekstra tur/retur i løpet av måneden, blir 30-dagersbilletten billigere enn enkeltbilletter.
*   **Inkluderte tjenester:** Du får også tilgang til Trondheim Bysykkel og 2 timer gratis leiebil fra Hyre hver måned.
*   **Enkelhet:** Du trenger bare én billett for hele måneden.

**Alternativ:** Hvis du er helt sikker på at du *kun* reiser eksakt én tur/retur per uke og én nattbusstur per måned, og ønsker å spare de 75 kronene, kan du kjøpe enkeltbilletter for dagsturene og en separat Natt 1-billett for nattbussen. Men 30-dagersbilletten gir mer fleksibilitet og trygghet.

**Tips:** Husk gyldig studentbevis! Billetten din er gyldig på både buss og trikk (og tog innenfor sone A).",,,,
gemini-2.5-pro-preview-03-25,persona+examples,short_term_tourist,True,"{'name': '24-hour ticket', 'category': 'adult', 'number_of_zones': 1}","{'name': '24-hour ticket', 'category': 'adult', 'number_of_zones': 1}","Siden du er 45 år gammel, faller du inn under kategorien 'voksen' (20 til 66 år). For en dag med hyppig reising innenfor én sone, er 24-timersbilletten det beste alternativet for deg. Den koster 135 NOK for voksne i én sone og gir deg ubegrenset reise med buss i 24 timer fra du aktiverer den. Dette vil sannsynligvis være rimeligere enn å kjøpe flere enkeltbilletter, som koster 45 NOK per tur. Allerede ved tre turer i løpet av dagen vil 24-timersbilletten lønne seg. Billetten er gyldig for hele reisen så lenge den er gyldig ved påstigning. Reiser du innenfor sone A, kan billetten også brukes på trikk og tog. Et alternativ kan være enkeltbilletter hvis du ender opp med å reise svært lite (kun én eller to turer), men siden du planlegger å reise ofte, gir 24-timersbilletten best verdi og mest fleksibilitet for å se Trondheim. Husk å aktivere billetten ved første påstigning.",,,,
gemini-2.5-pro-preview-03-25,persona+examples,conference_attendee,True,"{'name': '24-hour ticket', 'category': 'adult', 'number_of_zones': 1}","{'name': '24-hour ticket', 'category': 'adult', 'number_of_zones': 1}","Hei! Siden du er 50 år gammel, tilhører du voksenkategorien (20-66 år). For en dag med flere reiser innenfor én sone, slik du beskriver med transport mellom hotell, konferanse og kveldsarrangementer, vil en 24-timersbillett for voksne være det mest praktiske og sannsynligvis rimeligste alternativet. Den koster 135 NOK og gir deg ubegrenset antall reiser i 24 timer fra du aktiverer den. Til sammenligning koster en enkeltbillett 45 NOK per tur. Med tre eller flere turer i løpet av dagen, sparer du penger med en 24-timersbillett. Billetten er gyldig på buss, og hvis du reiser innenfor sone A (som dekker store deler av Trondheim), er den også gyldig på trikk og tog. Husk at den ikke er gyldig på nattbuss eller nattrikk. Et alternativ er å kjøpe enkeltbilletter til 45 NOK per stykk, men dette vil kun lønne seg dersom du ender opp med å reise kun én eller to ganger i løpet av dagen. God konferanse!",,,,
gemini-2.5-pro-preview-03-25,persona+examples,short_term_worker,True,"{'name': '7-day ticket', 'category': 'adult', 'number_of_zones': 1}","{'name': '7-day ticket', 'category': 'adult', 'number_of_zones': 1}","Siden du er 34 år gammel, faller du inn under kategorien 'Voksen' (20 til 66 år). For en ukes opphold med behov for å reise fritt innenfor én sone, er 7-dagersbilletten det klart beste alternativet for deg. Den koster 315 NOK og gir deg ubegrenset reise med buss (og trikk/tog i sone A) i syv sammenhengende dager. Dette er rimeligere enn å kjøpe enkeltbilletter hvis du reiser mer enn et par ganger om dagen (en enkeltbillett koster 45 NOK, så 7 turer koster det samme som ukesbilletten), og det er også billigere enn å kjøpe flere 24-timersbilletter (som koster 135 NOK per stykk). Med 7-dagersbilletten får du også tilgang til Trondheim Bysykkel og to timer gratis Hyre bilutleie per måned. Vær oppmerksom på at nattbuss og nattrikk ikke er inkludert for kategorien Voksen. Et alternativ kunne vært å kjøpe enkeltbilletter hvis du vet at du kun skal reise noen få ganger i løpet av uken (færre enn 7 turer totalt), men for å reise fritt er 7-dagersbilletten mest praktisk og lønnsom.",,,,
gemini-2.5-pro-preview-03-25,persona+examples,4_day_traveler,True,"{'name': '7-day ticket', 'category': 'adult', 'number_of_zones': 2}","{'name': '7-day ticket', 'category': 'adult', 'number_of_zones': 2}","Hei! Siden du er 28 år gammel, faller du inn under kategorien 'voksen' (20 til 66 år). For ditt 4-dagers besøk med daglige reiser tur/retur innenfor 2 soner (totalt 8 turer), vil en 7-dagersbillett for voksne i 2 soner være det mest gunstige alternativet. Den koster 630 NOK.

Å kjøpe enkeltbilletter ville kostet 90 NOK per tur for 2 soner, totalt 720 NOK for de 8 turene du planlegger. 7-dagersbilletten er derfor rimeligere enn å kjøpe enkeltbilletter. I tillegg gir 7-dagersbilletten deg ubegrenset reise innenfor de to sonene i hele 7 dager, noe som gir fleksibilitet hvis du skulle trenge å reise mer enn bare til og fra arrangementet. Billetten er gyldig på buss, og også på trikk/tog i sone A hvis du reiser der. Vær oppmerksom på at 7-dagersbilletten for voksne ikke er gyldig på nattbuss/natrikk. Som en ekstra fordel inkluderer periodbilletter som denne også 2 timer gratis leiebil fra Hyre hver måned og gratis bruk av bysykler fra Trondheim Bysykkel, selv om dette kanskje er mindre relevant for et kort besøk.

Alternativt kan du kjøpe enkeltbilletter hvis du er helt sikker på at du kun skal reise de 8 turene, men dette vil som sagt bli dyrere totalt sett.",,,,
gemini-2.5-pro-preview-03-25,persona+examples,fadderuke_student,True,"{'name': '30-day ticket', 'category': 'student', 'number_of_zones': 1}","{'name': '30-day ticket', 'category': 'student', 'number_of_zones': 1}","Hei! Som 20 år gammel student faller du inn under studentkategorien (studenter under 35 år med gyldig studentbevis). Husk at du må ha med gyldig studentbevis når du reiser med studentbillett.

For den resterende fadderuken din, hvor du bruker bussen og nattbussen mye innenfor én sone, vil den mest gunstige billetten for deg være **30-dagersbilletten for studenter**. 

Her er hvorfor:
*   **Dekker alle behov:** Billetten koster 555 NOK for én sone og gir deg ubegrenset reise med både vanlig buss og nattbuss i 30 dager.
*   **Kostnadseffektivt:** Selv om du bare trenger billetten for omtrent en uke til, er dette sannsynligvis billigere enn å kjøpe enkeltbilletter. En enkeltbillett for student koster 45 NOK, og en nattbussbillett (Natt 1) koster 120 NOK per tur. Hvis du tar nattbussen bare et par ganger i tillegg til vanlig buss på dagtid, vil kostnaden for enkeltbilletter fort overstige prisen på en 30-dagersbillett. For eksempel vil 4 vanlige turer tur/retur (8 turer * 45 NOK = 360 NOK) pluss 2 turer med nattbussen (2 * 120 NOK = 240 NOK) koste totalt 600 NOK.
*   **Enkelhet:** Du slipper å tenke på å kjøpe ny billett for hver tur, spesielt sent på kvelden.

Billetten inkluderer også fordeler som gratis bruk av Trondheim Bysykkel og 2 timer gratis leiebil fra Hyre hver måned. Reisen din er dekket så lenge billetten er gyldig når du går om bord. Reiser du innenfor sone A, kan billetten også brukes på trikk og tog.

**Alternativ:** Du kan kjøpe enkeltbilletter (45 NOK) for dagreiser og Natt 1-billetter (120 NOK) for nattbuss, men dette blir fort dyrt hvis du reiser ofte, spesielt med nattbussen slik du beskriver.

**Tips:** Du kan enkelt kjøpe 30-dagersbilletten i AtB-appen.",,,,
gemini-2.5-pro-preview-03-25,persona+examples,daily_commuter,True,"{'name': '30-day ticket', 'category': 'adult', 'number_of_zones': 1}","{'name': '30-day ticket', 'category': 'adult', 'number_of_zones': 1}","Hei! Siden du er 40 år gammel, faller du inn under kategorien 'voksen' (20 til 66 år). For daglig pendling til jobb innenfor én sone, fem dager i uken, vil en periodebillett være det mest lønnsomme alternativet.

Enkeltbilletter koster 45 kr per tur, noe som vil utgjøre omtrent 1935 kr per måned for daglig reise (to turer per dag, ca. 21,5 arbeidsdager i måneden). En 30-dagersbillett for voksne i én sone koster 926 kr. Denne gir deg ubegrenset reise innenfor sonen i 30 dager.

Siden du nevner at situasjonen din kan endre seg senere i år, anbefaler jeg 30-dagersbilletten. Den gir deg god verdi for pengene for din nåværende pendling, samtidig som den gir fleksibilitet med en kortere bindingstid enn lengre periodebilletter.

Som et alternativ, hvis du tror pendlingen din vil være stabil i minst seks måneder, kan du vurdere 180-dagersbilletten. Den koster 4630 kr, som tilsvarer ca. 772 kr per måned. Dette er den mest økonomiske løsningen per måned for hyppige reisende, og du ville spart rundt 154 kr per måned sammenlignet med 30-dagersbilletten. Både 30-dagers og 180-dagersbilletten inkluderer fordeler som ubegrenset reise, to timer gratis Hyre bilutleie per måned, og gratis tilgang til Trondheim Bysykkel. Merk at nattbuss ikke er inkludert for voksne med periodebillett. Billetten er gyldig på buss, og også på trikk og tog innenfor sone A.",,,,
gemini-2.5-pro-preview-03-25,persona+examples,daily_commuter,False,"{'name': '30-day ticket', 'category': 'adult', 'number_of_zones': 1}","{'name': '180-day ticket', 'category': 'adult', 'number_of_zones': 1}","Hei! Siden du er 40 år gammel, faller du inn under kategorien 'Voksen' (20 til 66 år). Med daglig reise til jobb (5 dager i uken) innenfor én sone, blir enkeltbilletter fort dyrt. To turer per dag, fem dager i uken, vil koste omtrent 1800 kr per måned med enkeltbilletter (45 kr per tur).

Den mest kostnadseffektive løsningen for deg er derfor en periodebillett. En 180-dagersbillett for voksne i én sone koster 4630 kr. Fordelt over 6 måneder blir dette omtrent 772 kr per måned. Dette er rimeligere enn en 30-dagersbillett, som koster 926 kr per måned.

Med 180-dagersbilletten får du ubegrenset reise innenfor sonen din i seks måneder. Billetten inkluderer også fordeler som 2 timer gratis leiebil fra Hyre hver måned og gratis tilgang til Trondheim Bysykkel. Billetten er gyldig på buss, og trikk/tog innenfor sone A. Vær oppmerksom på at nattbuss ikke er inkludert for voksenkategorien på periodebilletter.

Selv om du nevner at situasjonen din kan endre seg, er 180-dagersbilletten det billigste alternativet per måned gitt ditt nåværende reisebehov med daglig pendling.

**Alternativ:** Hvis du foretrekker en lavere engangskostnad eller er usikker på om du vil pendle daglig i hele seks måneder, kan en **30-dagersbillett** til 926 kr være et godt alternativ. Den gir samme reisefordeler (ubegrenset reise, Hyre, Bysykkel) for en kortere periode, men har en høyere månedskostnad.",,,,
gemini-2.5-pro-preview-03-25,persona+examples,daughter_social_events,True,"{'name': '30-day ticket', 'category': 'child', 'number_of_zones': 1}","{'name': '30-day ticket', 'category': 'child', 'number_of_zones': 1}","Hei! Siden datteren din er 13 år, faller hun inn under kategorien 'Barn' (6 til 19 år). For reiser 2-3 ganger i uken, og kanskje mer, i løpet av en måned, vil en 30-dagersbillett for barn være det mest gunstige alternativet. Vi antar her at reisene skjer innenfor én sone, noe som er vanlig for lokale fritidsaktiviteter. En slik billett koster 370 NOK og gir ubegrenset reise i den valgte sonen i 30 dager.

Å kjøpe enkeltbilletter for barn til 22 NOK per tur vil koste mellom 352 NOK (for 16 turer, tilsvarende 2 rundturer per uke) og 528 NOK (for 24 turer, tilsvarende 3 rundturer per uke). Siden du nevner at det kan bli mer reising, vil 30-dagersbilletten raskt lønne seg. Den gir forutsigbare kostnader og frihet til å reise så mye hun vil innenfor sonen, inkludert kvelder og helger. Billetten er også gyldig på nattbuss og nattrikk.

Et alternativ er å kjøpe enkeltbilletter eller et klippekort (som koster det samme per tur som enkeltbillett, 220 NOK for 10 turer). Dette kan være litt billigere *kun* hvis hun reiser nøyaktig 16 turer eller færre i måneden. Men med usikkerheten rundt antall reiser og den lille prisforskjellen, gir 30-dagersbilletten best verdi og mest fleksibilitet.

Et lite tips: Hvis reisene skjer innenfor sone A (Trondheim-området), kan billetten også brukes på trikk og tog. God tur til datteren din!",,,,
gemini-2.5-pro-preview-03-25,persona+examples,youth_student,True,"{'name': '180-day ticket', 'category': 'child', 'number_of_zones': 1}","{'name': '180-day ticket', 'category': 'child', 'number_of_zones': 1}","Hei! Velkommen som student i Trondheim. Siden du er 18 år gammel, faller du inn under kategorien 'Barn', som gjelder fra 6 til og med 19 år. Dette er ofte den rimeligste kategorien for deg.

Basert på at du skal reise 4 dager i uken fast, pluss ekstra reising under fadderuken, vil en periodebillett være det mest lønnsomme. Jeg anbefaler **180-dagersbilletten for barn** for én sone. Den koster 1850 kr totalt, noe som tilsvarer ca. 308 kr per måned. Dette er den billigste løsningen per måned for deg som reiser såpass ofte.

Denne billetten gir deg ubegrenset reise innenfor din sone, og den er også gyldig på nattbussen, noe som er praktisk under fadderuken. I tillegg inkluderer alle periodebilletter (unntatt for voksne) tilgang til nattbuss, samt fordeler som gratis bruk av Trondheim Bysykkel og to timer gratis leiebil fra Hyre hver måned. Billetten er gyldig for hele reisen så lenge den er gyldig når du går om bord. Reiser du innenfor sone A, kan billetten også brukes på trikk og tog.

Et alternativ er **30-dagersbilletten for barn**. Den koster 370 kr for én sone. Dette kan være et godt alternativ hvis du ønsker mer fleksibilitet i starten og ikke vil binde deg for 180 dager med en gang. Den inkluderer også nattbuss og de samme fordelene som 180-dagersbilletten, men er litt dyrere per måned.

Selv om du er student, er barnebilletten rimeligere for deg i én sone enn studentbilletten (som koster 555 kr for 30 dager eller 2775 kr for 180 dager). Du trenger ikke studentbevis for barnebillett, men husk å ha med legitimasjon som viser alderen din i tilfelle kontroll. Lykke til med studiestart og fadderuke!",,,,
gemini-2.5-pro-preview-03-25,persona+examples,youth_student,False,"{'name': '180-day ticket', 'category': 'child', 'number_of_zones': 1}","{'name': '30-day ticket', 'category': 'child', 'number_of_zones': 1}","Hei! Velkommen som student i Trondheim! Siden du er 18 år gammel, faller du inn under kategorien 'Barn', som gjelder for alderen 6 til og med 19 år. Selv om du er student, er barnebilletten det rimeligste alternativet for deg når du kun reiser innenfor én sone.

Med reise til og fra campus 4 dager i uken, pluss ekstra reising under Fadderuka, vil en periodebillett være mye rimeligere enn enkeltbilletter. En enkeltbillett for barn koster 22 NOK per tur. Med minst 8 turer i uken (tur/retur 4 dager), pluss ekstraturer, ville kostnaden fort oversteget prisen på en månedsbillett.

Jeg anbefaler derfor **30-dagersbilletten for barn** for 1 sone. Den koster 370 NOK og gir deg ubegrenset reise med buss innenfor sonen din i 30 dager. Denne billetten er også gyldig på nattbussen, noe som er praktisk under Fadderuka. Billetten inkluderer også tilgang til Trondheim Bysykkel og to timer gratis bruk av Hyre leiebil hver måned.

Et alternativ for fremtiden, hvis du ser at du kommer til å reise slik over lengre tid, er **180-dagersbilletten for barn**. Den koster 1850 NOK, som tilsvarer ca. 308 NOK per måned, og er dermed enda rimeligere per måned. Men 30-dagersbilletten er en fin måte å starte på for å se an reisebehovet ditt.

**Viktig å huske:** Siden du bruker barnebillett, kan du bli bedt om å vise legitimasjon som bekrefter alderen din ved en billettkontroll. Billetten er gyldig på både buss og trikk (og tog i sone A) så lenge den er aktivert før du går om bord. Lykke til med studiestart og Fadderuka!",,,,
gemini-2.5-pro-preview-03-25,persona+examples,highschool_student,True,"{'name': 'Youth ticket', 'category': 'youth', 'number_of_zones': None}","{'name': 'Youth ticket', 'category': 'youth', 'number_of_zones': None}","Hei! Siden du er 17 år gammel, faller du inn under kategorien 'Ungdom' (16-19 år). Du reiser daglig til skolen og også i helgene over 4 soner, noe som betyr at du reiser ganske ofte og over lengre avstander.

Den beste og mest kostnadseffektive billetten for deg er 'Ungdomsbilletten'. Denne billetten koster 555 NOK for 30 dager og gir deg ubegrenset reise med buss og hurtigbåt i hele Trøndelag fylke (inkludert trikk/tog i sone A). Dette er perfekt siden du reiser over 4 soner og besøker venner rundt i fylket – du slipper å tenke på soner i det hele tatt.

Ungdomsbilletten inkluderer også nattbuss/natrikk, gratis bruk av Trondheim Bysykkel og 2 timer gratis leiebil fra Hyre hver måned.

Sammenlignet med andre alternativer, som en 30-dagers barnebillett for 4 soner (745 NOK) eller enkeltbilletter for barn (90 NOK per tur for 4 soner, som ville blitt veldig dyrt med daglig reise), er Ungdomsbilletten det klart rimeligste og mest fleksible valget for deg.

Husk at du må kunne vise gyldig legitimasjon på at du er i riktig aldersgruppe ved en eventuell billettkontroll.",,,,
gemini-2.5-pro-preview-03-25,persona+examples,youth_commuter,True,"{'name': 'Youth ticket', 'category': 'youth', 'number_of_zones': None}","{'name': 'Youth ticket', 'category': 'youth', 'number_of_zones': None}","Hei! Siden du er 18 år gammel, faller du inn under kategorien 'ungdom' (16 til og med 19 år). Du kvalifiserer også for 'barn' (6-19 år) og 'student' (under 35), men ungdomsbilletten er ofte det mest fordelaktige alternativet for denne aldersgruppen.

Jeg anbefaler **Ungdomsbilletten** for deg. Den koster 555 kroner for 30 dager og gir deg ubegrenset reise med buss, trikk (i sone A), tog (i sone A) og hurtigbåt i *hele* Trøndelag fylke. Dette dekker de 3 sonene du reiser innenfor, og gir deg i tillegg fleksibilitet til å reise lenger hvis du skulle trenge det, uten ekstra kostnad. Billetten inkluderer også nattbuss/natrikk, gratis bruk av Trondheim Bysykkel og 2 timer gratis leiebil fra Hyre hver måned.

Selv om du teknisk sett også er student, er Ungdomsbilletten rimeligere enn en 30-dagers studentbillett for 3 soner (som koster 930 kr). Den er også rimeligere enn en 30-dagers barnebillett for 3 soner (620 kr).

Et alternativ kan være **180-dagersbilletten** for kategorien 'barn' for 3 soner. Den koster 3100 kroner, som tilsvarer omtrent 517 kroner per måned. Dette er litt billigere per måned enn Ungdomsbilletten, men den krever en større engangsinvestering og binder deg for 6 måneder. Den dekker kun 3 soner og inkluderer ikke hurtigbåt. Gitt at Ungdomsbilletten gir deg mer fleksibilitet med dekning i alle soner og hurtigbåt til en konkurransedyktig pris, virker den som det beste valget for deg nå.

Husk at du må kunne vise legitimasjon på forespørsel for å bekrefte at du har rett til rabatt.",,,,
gemini-2.5-pro-preview-03-25,persona+examples,temporary_worker,True,"{'name': '60-day ticket', 'category': 'adult', 'number_of_zones': 1}","{'name': '60-day ticket', 'category': 'adult', 'number_of_zones': 1}","Siden du er 41 år gammel, faller du inn under kategorien 'voksen' (20 til 66 år). For et to-måneders (ca. 60 dager) opphold hvor du trenger å reise fritt innenfor én sone, er 60-dagersbilletten for voksne det beste alternativet. Den koster 1852 NOK og gir deg ubegrenset reise med buss (og trikk/tog i sone A) i 60 dager. Dette er en praktisk løsning som dekker hele perioden din med ett enkelt kjøp.

Billetten inkluderer også fordeler som gratis bruk av bysykler fra Trondheim Bysykkel og 2 timer gratis leiebil fra Hyre hver måned. Vær oppmerksom på at nattbuss og nattrikk ikke er inkludert for voksenkategorien på periodebilletter. Hele reisen din er dekket så lenge billetten er gyldig når du går om bord.

Et alternativ er å kjøpe to separate 30-dagersbilletter for voksne. Dette vil koste nøyaktig det samme (2 * 926 NOK = 1852 NOK) og gi de samme fordelene, men krever at du husker å kjøpe en ny billett etter 30 dager. 60-dagersbilletten er derfor litt enklere for ditt behov.",,,,
gemini-2.5-pro-preview-03-25,persona+examples,internship_student,True,"{'name': '60-day ticket', 'category': 'student', 'number_of_zones': 1}","{'name': '60-day ticket', 'category': 'student', 'number_of_zones': 1}","Hei! Siden du er en 22 år gammel student som skal være i Trondheim i to måneder (ca. 60 dager) og reise daglig innenfor én sone, vil den mest passende billetten for deg være 60-dagersbilletten for studenter. 

Som student under 35 år faller du inn under studentkategorien. Husk at du må ha med gyldig studentbevis når du reiser. 

60-dagersbilletten for student i én sone koster 1110 NOK. Denne billetten gir deg ubegrenset reise i 60 dager, noe som er perfekt for daglig pendling til praksisplassen og fritidsreiser. Prisen er den samme som å kjøpe to separate 30-dagersbilletter (2 x 555 NOK = 1110 NOK), men 60-dagersbilletten er mer praktisk siden du kun trenger å kjøpe den én gang. Å kjøpe enkeltbilletter (45 NOK per tur) ville blitt betydelig dyrere med daglig reise.

Denne billetten inkluderer også reiser med nattbuss og nattrikk (dette gjelder for studentkategorien), samt fordeler som 2 timer gratis Hyre bilutleie per måned og gratis tilgang til Trondheim Bysykkel. Hele reisen din er dekket så lenge billetten er gyldig når du går om bord. Reiser du innenfor sone A, kan billetten også brukes på tog og trikk.

Et alternativ er å kjøpe to 30-dagersbilletter for student etter hverandre. Dette gir samme totalpris og dekning, men krever to separate kjøp. 60-dagersbilletten er derfor litt enklere for deg.

Husk å alltid ha med gyldig studentbevis på reisen!",,,,
gemini-2.5-pro-preview-03-25,persona+examples,seasonal_worker,True,"{'name': '90-day ticket', 'category': 'adult', 'number_of_zones': 1}","{'name': '90-day ticket', 'category': 'adult', 'number_of_zones': 1}","Hei! Siden du er 33 år gammel, faller du inn under kategorien 'voksen' (20-66 år). Du trenger en billett for daglig pendling og helgereiser innenfor én sone i tre måneder. Den mest praktiske og kostnadseffektive billetten for deg vil være 90-dagersbilletten for voksne i én sone. Den koster 2778 NOK og dekker nøyaktig perioden du er her.

Denne billetten gir deg ubegrenset reise med buss innenfor sonen din i 90 dager. Hvis du reiser i sone A (Trondheim), er billetten også gyldig på trikk og tog. Den er gyldig for hele reisen så lenge den er aktivert når du går om bord. Med periodebilletter som denne får du også inkludert fordeler som gratis bruk av bysykler fra Trondheim Bysykkel og 2 timer gratis leiebil fra Hyre hver måned. Vær oppmerksom på at voksenbilletter ikke er gyldige på nattbuss eller nattrikk.

Å kjøpe enkeltbilletter (45 NOK per tur) ville blitt betydelig dyrere med daglig pendling. Selv 30-dagersbilletten (926 NOK) ville krevd at du kjøpte tre stykker, noe som totalt blir samme pris som 90-dagersbilletten (3 * 926 = 2778 NOK), men 90-dagersbilletten er mer praktisk siden du slipper å fornye den hver måned.",,,,
gemini-2.5-pro-preview-03-25,persona+examples,long_term_guest,True,"{'name': '90-day ticket', 'category': 'senior', 'number_of_zones': 1}","{'name': '90-day ticket', 'category': 'senior', 'number_of_zones': 1}","Hei! Siden du er 68 år gammel, faller du inn under kategorien 'honnør', som gjelder for personer over 67 år eller de med honnørkort. For et tre måneders opphold med nesten daglig reise innenfor én sone, vil en 90-dagersbillett for honnør være det mest passende og kostnadseffektive alternativet for deg.

Denne billetten koster 1110 NOK og gir deg ubegrenset reise innenfor én sone i hele 90 dager. Dette tilsvarer prisen for tre separate 30-dagersbilletter (3 x 370 NOK = 1110 NOK), men er mer praktisk siden du kun trenger å kjøpe én billett for hele perioden. Å kjøpe enkeltbilletter (22 NOK per tur) ville blitt betydelig dyrere med daglig reise.

90-dagersbilletten inkluderer ubegrenset bruk av buss (og trikk/tog i sone A), og den er også gyldig på nattbuss og nattrikk. I tillegg får du inkludert gratis bruk av bysykler fra Trondheim Bysykkel og to timer gratis leiebil fra Hyre hver måned. Billetten er gyldig for hele reisen så lenge den er gyldig når du går om bord.

Et alternativ er å kjøpe en 30-dagersbillett (370 NOK) om gangen. Dette gir samme totalpris for tre måneder, men krever at du kjøper ny billett hver måned. 90-dagersbilletten er derfor enklere for et sammenhengende opphold som ditt.

Husk at du kan bli bedt om å vise legitimasjon for å bekrefte at du har rett til honnørrabatt. Ha en fin tid i Trondheim!",,,,
gemini-2.5-pro-preview-03-25,persona+examples,commuter_christmas_vacation,True,"{'name': '180-day ticket', 'category': 'adult', 'number_of_zones': 2}","{'name': '180-day ticket', 'category': 'adult', 'number_of_zones': 2}","Hei! Siden du er 35 år gammel, faller du inn under voksenkategorien (20 til 66 år). Du pendler hver ukedag innenfor 2 soner, noe som betyr at du reiser ofte.

For såpass hyppige reiser er en periodebillett det mest økonomiske. En enkeltbillett for voksne i 2 soner koster 90 kr per tur, noe som raskt blir dyrt med daglig pendling (rundt 3600 kr per måned hvis du reiser tur/retur hver ukedag).

En 30-dagersbillett for voksne i 2 soner koster 1230 kr. En 180-dagersbillett for de samme sonene koster 6150 kr. Fordelt over 6 måneder blir dette 1025 kr per måned i gjennomsnitt. Dette er altså 205 kr rimeligere per måned sammenlignet med å kjøpe 30-dagersbilletten hver måned.

Derfor anbefaler jeg **180-dagersbilletten for voksne i 2 soner**. Selv om du har én ukes ferie rundt jul, vil denne billetten fortsatt være det mest lønnsomme alternativet totalt sett over en seksmånedersperiode sammenlignet med å kjøpe 30-dagersbilletter.

Denne billetten gir deg ubegrenset reise med buss (og trikk/tog i sone A hvis du reiser der) innenfor dine to valgte soner i 180 dager. Billetten inkluderer også fordeler som 2 timer gratis bruk av Hyre leiebil hver måned og gratis tilgang til Trondheim Bysykkel. Vær oppmerksom på at periodebilletter for voksne ikke er gyldige på nattbuss eller nattrikk. Billetten din er gyldig for hele reisen så lenge den er gyldig ved påstigning.

Et alternativ er **30-dagersbilletten** til 1230 kr per måned. Dette kan være et alternativ hvis du foretrekker en kortere bindingstid, men det vil koste mer over tid.",,,,
gemini-2.5-pro-preview-03-25,persona+examples,long_term_worker,True,"{'name': '180-day ticket', 'category': 'adult', 'number_of_zones': 1}","{'name': '180-day ticket', 'category': 'adult', 'number_of_zones': 1}","Hei! Siden du er 50 år gammel, faller du inn under kategorien 'voksen' (20-66 år). Ettersom du skal pendle daglig innenfor én sone i Trondheim over en periode på seks måneder, vil den mest kostnadseffektive løsningen for deg være en 180-dagersbillett for voksne.

Denne billetten koster 4630 NOK for én sone og gir deg ubegrenset reise i 180 dager (ca. 6 måneder). Dette tilsvarer en månedlig kostnad på omtrent 772 NOK. Til sammenligning koster en 30-dagersbillett 926 NOK per måned. Over seks måneder sparer du dermed en del ved å velge 180-dagersbilletten.

Billetten er gyldig på buss, og hvis du reiser innenfor sone A, kan den også brukes på trikk og tog. Den inkluderer også fordeler som gratis bruk av bysykler fra Trondheim Bysykkel og to timer gratis leiebil fra Hyre hver måned. Vær oppmerksom på at nattbuss og nattrikk ikke er inkludert for voksne med periodebillett. Billetten må være gyldig når du går om bord, og gjelder da for hele reisen.

Et alternativ kan være 30-dagersbilletten (eller 60/90-dagers). Den gir mer fleksibilitet hvis prosjektperioden ikke er nøyaktig seks måneder eller hvis du foretrekker en lavere engangskostnad, men den totale kostnaden over seks måneder blir høyere (5556 NOK totalt).",,,,
gemini-2.5-pro-preview-03-25,persona+examples,foreign_student,True,"{'name': '180-day ticket', 'category': 'student', 'number_of_zones': 1}","{'name': '180-day ticket', 'category': 'student', 'number_of_zones': 1}","Hei! Siden du er en 24 år gammel utvekslingsstudent som skal være her i seks måneder og reiser daglig innenfor én sone, er den mest passende billetten for deg en 180-dagersbillett for studenter. Du faller inn under studentkategorien, som gjelder for studenter under 35 år. Husk at du må ha med deg gyldig studentbevis på reisen, for eksempel et ISIC-kort, som ofte brukes av internasjonale studenter.

En 180-dagersbillett for studenter i én sone koster 2775 NOK. Dette dekker hele oppholdet ditt på seks måneder og gir en månedskostnad på 462,50 NOK. Dette er rimeligere enn å kjøpe en 30-dagersbillett hver måned, som koster 555 NOK (totalt 3330 NOK for seks måneder). Billetten gir deg ubegrenset reise med buss innenfor sonen din, inkludert nattbuss. I tillegg får du fordeler som gratis tilgang til Trondheim Bysykkel og to timer gratis leiebil fra Hyre hver måned. Dersom du reiser innenfor sone A, kan billetten også brukes på trikk og tog. Billetten er gyldig for hele reisen så lenge den er gyldig når du går om bord.

Et alternativ kan være 30-dagersbilletten for studenter hvis du foretrekker å ikke betale for hele perioden med en gang, men det vil som nevnt bli dyrere totalt sett.",,,,
gemini-2.5-pro-preview-03-25,persona+examples,city_commuter_longterm,True,"{'name': '180-day ticket', 'category': 'adult', 'number_of_zones': 1}","{'name': '180-day ticket', 'category': 'adult', 'number_of_zones': 1}","Hei! Siden du er 32 år gammel, faller du inn under kategorien 'voksen' (20 til 66 år). Du reiser daglig på hverdager og noen ganger i helgene, alt innenfor én sone. Med så hyppig reise vil en periodebillett være det mest lønnsomme alternativet.

Jeg anbefaler **180-dagersbilletten** for voksne i én sone. Denne koster 4630 kr, noe som tilsvarer omtrent 772 kr per måned. Dette er den laveste månedlige kostnaden sammenlignet med kortere periodebilletter. Til sammenligning koster en 30-dagersbillett 926 kr per måned. Enkeltbilletter til 45 kr per tur ville blitt betydelig dyrere med din reisefrekvens (over 1800 kr per måned bare for jobbreiser).

180-dagersbilletten gir deg ubegrenset antall reiser innenfor sonen din i 180 dager. Den inkluderer også tilgang til bysykler fra Trondheim Bysykkel og 2 timer gratis leiebil fra Hyre hver måned. Billetten er gyldig for hele reisen så lenge den er gyldig når du går om bord. Vær oppmerksom på at periodebilletter for voksne ikke inkluderer nattbuss/nattrikk. Reiser du innenfor sone A, kan billetten også brukes på trikk og tog.

Et alternativ kan være **30-dagersbilletten**. Den har en høyere månedlig kostnad (926 kr), men krever en lavere engangsinvestering og gir mer fleksibilitet hvis reisevanene dine skulle endre seg. Den inkluderer de samme fordelene som 180-dagersbilletten (ubegrenset reise, bysykkel, Hyre), men gjelder ikke for nattbuss/nattrikk.",,,,
gemini-2.5-pro-preview-03-25,persona+examples,city_commuter_longterm,False,"{'name': '180-day ticket', 'category': 'adult', 'number_of_zones': 1}","{'name': '180-dagersbillett', 'category': 'adult', 'number_of_zones': 1}","Hei! Siden du er 32 år gammel, faller du inn under kategorien 'voksen' (20 til 66 år). Du reiser ofte, minst 5 dager i uken pluss noen ekstra turer, og alt innenfor én sone. Da vil en periodebillett være det mest lønnsomme for deg.

En enkeltbillett koster 45 NOK per tur. Med minst 10 turer i uken bare til jobb, pluss ekstra reiser, ville dette raskt blitt over 2000 NOK i måneden. En 30-dagersbillett for voksne koster 926 NOK.

Den aller mest kostnadseffektive løsningen for deg er **180-dagersbilletten**. Den koster 4630 NOK for 6 måneder, noe som tilsvarer ca. 772 NOK per måned. Dette er rimeligere per måned enn 30-dagersbilletten.

Med 180-dagersbilletten kan du reise ubegrenset innenfor din valgte sone i hele perioden. Billetten inkluderer også fordeler som 2 timer gratis leiebil fra Hyre hver måned og gratis tilgang til Trondheim Bysykkel. Merk at nattbuss/nattrikk ikke er inkludert for voksenkategorien på periodebilletter. Reisen din er dekket så lenge billetten er gyldig når du går om bord. Reiser du innenfor sone A, kan billetten også brukes på tog og trikk.

**Alternativ:** Hvis du foretrekker en kortere bindingstid eller lavere engangskostnad, er **30-dagersbilletten** til 926 NOK et godt alternativ. Den gir de samme fordelene (ubegrenset reise, Hyre, Bysykkel), men koster litt mer per måned.",,,,
gemini-2.5-pro-preview-03-25,persona+examples,night_worker,True,"{'name': 'Night 1', 'category': 'adult', 'number_of_zones': None}","{'name': 'Night 1', 'category': 'adult', 'number_of_zones': None}","Hei! Siden du er 31 år gammel, faller du inn under kategorien 'voksen'. For reiser med nattbussen i helgene (natt til lørdag og søndag), er den spesifikke billetten ""Natt 1"" det eneste alternativet for voksne. Vanlige enkeltbilletter, periodebilletter (som 7-dagers, 30-dagers osv.) og klippekort for voksne er dessverre ikke gyldige på nattbussen.

""Natt 1""-billetten koster 120 kr og kan kjøpes mellom kl. 00:30 og 04:00 natt til lørdag og søndag. Den er gyldig for én enkelt reise med nattbusslinjene 101-116, 4101 eller nattrikken innenfor én sone, men den inkluderer ikke overgang. Siden du spesifikt trenger transport hjem fra nattklubbjobben din, og dette sannsynligvis skjer natt til lørdag eller søndag, er dette billetten som passer best for ditt behov.

Et lite tips: Sjekk rutetidene for nattbussen på forhånd, slik at du vet når den går fra ditt stoppested.",,,,
gemini-2.5-pro-preview-03-25,persona+examples,partygoer,True,"{'name': 'Night 1', 'category': 'adult', 'number_of_zones': None}","{'name': 'Night 1', 'category': 'adult', 'number_of_zones': None}","Hei! Siden du er 25 år gammel, faller du inn under kategorien 'voksen' (20 til 66 år). For reiser med nattbussen i helgene, er den spesifikke billetten 'Natt 1' det riktige valget for deg. Denne billetten koster 120 NOK per tur og er gyldig for én enkelt reise med nattbussene (linje 101-116, 4101) eller nattrikken mellom kl. 00:30 og 04:00 natt til lørdag og søndag. Det er viktig å merke seg at vanlige enkeltbilletter, klippekort, 24-timersbilletter og periodebilletter for voksne *ikke* er gyldige på nattbussen.

Dersom du tar nattbussen hjem for eksempel én gang hver helg (ca. 4 ganger i måneden), vil kostnaden bli rundt 480 NOK per måned. Siden du sier du ikke bruker bussen så ofte på dagtid, vil det sannsynligvis være billigere å kjøpe 'Natt 1'-billetten for hver tur enn å kjøpe en periodebillett.

En ting å merke seg er om du er student. Som student under 35 år med gyldig studentbevis, kan du kjøpe periodebilletter til studentpris (f.eks. 30-dagers studentbillett for 1 sone til 555 NOK). Disse periodebillettene for studenter *inkluderer* reiser med nattbussen, i tillegg til ubegrenset reise ellers. Hvis du tar nattbussen ofte (mer enn 4 ganger i måneden) og kanskje bruker bussen litt på dagtid også, *og* du er student, kan en 30-dagers studentbillett være et mer lønnsomt alternativ. Husk gyldig studentbevis ved billettkontroll hvis du velger studentbillett.",,,,
gemini-2.5-pro-preview-03-25,persona+examples,parent_for_child,True,"{'name': 'Carnet bus', 'category': 'child', 'number_of_zones': 1}","{'name': 'Carnet bus', 'category': 'child', 'number_of_zones': 1}","Hei! Siden barnet ditt er 10 år gammelt, reiser han eller hun i kategorien 'barn', som gjelder fra 6 til og med 19 år. For sporadiske reiser der det er viktig å ha billett lett tilgjengelig, vil jeg anbefale et Klippekort for barn.

Et Klippekort for én sone koster 220 NOK og gir 10 enkeltreiser. Prisen per tur blir da 22 NOK, som er det samme som en vanlig enkeltbillett for barn. Fordelen med Klippekortet er at billettene er forhåndsbetalt og klare til bruk når barnet trenger dem, uten at dere må kjøpe ny billett hver gang. Dette passer godt for uregelmessig reise.

Jeg antar her at reisene skjer innenfor én sone, som er vanlig for turer i nærområdet. Hvis det er behov for å reise over flere soner, finnes Klippekort for det også, men til en høyere pris.

Klippekortet er gyldig på buss, og i sone A også på trikk og tog. Det er imidlertid ikke gyldig på nattbuss eller nattrikk.

Et alternativ er å kjøpe enkeltbilletter ved behov. Prisen per tur er den samme (22 NOK for én sone), men det krever at man kjøper billett for hver enkelt reise, for eksempel via AtB-appen eller på en automat. Klippekortet gir litt mer forutsigbarhet og bekvemmelighet.

Tips: Både Klippekort og enkeltbilletter kan enkelt kjøpes og aktiveres i AtB-appen. Da har barnet billetten rett på mobilen.",,,,
deepseek-reasoner,persona+examples,casual_traveler,True,"{'name': 'Single ticket', 'category': 'adult', 'number_of_zones': 1}","{'name': 'Single ticket', 'category': 'adult', 'number_of_zones': 1}","Som 37-åring tilhører du voksenkategorien. Når du kun bruker bussen ved enkelte anledninger (f.eks. 1-2 dager i måneden) er enkeltbillett det mest økonomiske valget. En enkeltbillett for voksne koster 45 NOK og gir 90 minutters reise i én sone. Dersom du for eksempel tar to turer (tur/retur) på en dårlig værsdag, vil dette koste 90 NOK. Sammenlignet med en 30-dagersbillett til 926 NOK eller 7-dagersbillett til 315 NOK sparer du penger med enkeltbilletter ved sporadisk bruk. Enkeltbilletter kan kjøpes i appen eller om bord, og er gyldige på buss, trikk og tog i sone A. Husk at billetten må aktiveres ved påstigning. Dersom været blir verre enn ventet og du må reise oftere, kan en 7-dagersbillett være verdt å vurdere – den lønner seg ved 7+ turer i løpet av en uke.",,,,
deepseek-reasoner,persona+examples,visitor_day_trip,True,"{'name': 'Single ticket', 'category': 'adult', 'number_of_zones': 2}","{'name': 'Single ticket', 'category': 'adult', 'number_of_zones': 2}","As a 29 year old, you fall into the adult category. For sporadic trips (1-2 times per month) within 2 zones, single tickets are the most cost-effective. Each trip would require a 2-zone adult single ticket costing 90 NOK. Even with 2 round trips per visit (4 tickets total), this would cost 360 NOK monthly. A periodic ticket like the 30-day ticket (1230 NOK for 2 zones) would be more expensive for your usage frequency. The single ticket gives you 90 minutes of unlimited travel within 2 zones, including transfers between buses/trams. If you expect to travel more frequently in the future, consider the Carnet bus (10 single tickets for 900 NOK) which reduces the per-trip cost to 90 NOK. Remember to validate your ticket when boarding and keep it ready for inspection.",,,,
deepseek-reasoner,persona+examples,casual_traveler_student,True,"{'name': '180-day ticket', 'category': 'student', 'number_of_zones': 1}","{'name': '180-day ticket', 'category': 'student', 'number_of_zones': 1}","As a 20-year-old student with a valid student ID, you qualify for student tickets (valid for students under 35). Your pattern of 1 weekly trip to town (2 trips/week) + occasional night buses fits well with a 180-day student ticket at 2775 NOK. This averages 462.50 NOK/month – cheaper than single tickets (8 regular trips + 1 night bus would cost 480 NOK/month) and includes unlimited travel, night buses, Hyre car rentals, and city bikes. The 180-day ticket also gives flexibility for extra trips. If you prefer shorter commitments, single tickets (45 NOK/trip + 120 NOK/night bus) work but become more expensive with frequent use. Remember to always carry your student ID for inspections.",,,,
deepseek-reasoner,persona+examples,casual_traveler_student,False,"{'name': '180-day ticket', 'category': 'student', 'number_of_zones': 1}","{'name': 'Single ticket', 'category': 'student', 'number_of_zones': 1}","As a 20-year-old student with valid student ID, you qualify for student tickets. Since you travel to the city center about once a week (4 trips/month) and occasionally take the night bus (1 trip/month), single student tickets would cost approximately 270 NOK monthly (5 trips at 45 NOK each for regular buses + 120 NOK for the Night 1 ticket). This is cheaper than a 30-day student ticket (555 NOK) with your current usage. However, if you take the night bus more than twice a month, the 30-day ticket would become cost-effective as it includes night buses and unlimited travel. The single ticket gives 90 minutes of travel time (3 hours after 18:00/weekends), and remember to buy a separate Night 1 ticket (120 NOK) when using night buses. Always carry your student ID for validation.",,,,
deepseek-reasoner,persona+examples,short_term_tourist,True,"{'name': '24-hour ticket', 'category': 'adult', 'number_of_zones': 1}","{'name': '24-hour ticket', 'category': 'adult', 'number_of_zones': 1}","As a 45 year old visitor traveling within one zone for a single day, the 24-hour adult ticket is ideal. It costs 135 NOK and gives unlimited travel on buses (including trams/trains in zone A) for 24 hours. This is cheaper than buying multiple single tickets (45 NOK each) if you take more than 3 trips. The ticket also allows you to hop on/off freely during validity. While not valid on night buses, this isn't relevant for daytime sightseeing. An alternative is the 7-day ticket (315 NOK), but the 24-hour ticket is better value for a single day. Remember to validate the ticket when boarding.",,,,
deepseek-reasoner,persona+examples,conference_attendee,True,"{'name': '24-hour ticket', 'category': 'adult', 'number_of_zones': 1}","{'name': '24-hour ticket', 'category': 'adult', 'number_of_zones': 1}","As a 50-year-old visitor needing transport for multiple trips within one day, the 24-hour adult ticket is ideal. It costs 135 NOK (same price as three single tickets) but gives unlimited travel within 24 hours. This covers all your conference-related trips and evening activities in zone A (including trams/trains). The ticket is valid from activation time, includes standard benefits, and avoids the hassle of buying multiple tickets. If you end up taking fewer than three trips, single tickets (45 NOK each) could be cheaper, but the 24-hour ticket offers flexibility for unexpected travel needs.",,,,
deepseek-reasoner,persona+examples,short_term_worker,True,"{'name': '7-day ticket', 'category': 'adult', 'number_of_zones': 1}","{'name': '7-day ticket', 'category': 'adult', 'number_of_zones': 1}","As a 34-year-old, you fall into the adult category. A 7-day adult ticket for 1 zone (315 NOK) is ideal for your one-week work stay in Trondheim. This gives unlimited travel on buses, trams, and trains in zone A, and is significantly cheaper than buying single tickets (which would cost 45 NOK per trip) or a 24-hour ticket (135 NOK/day x 7 days = 945 NOK). The 7-day ticket also includes free Trondheim City Bike access and 2 hours of Hyre car rental monthly. Note that adult periodic tickets are not valid on night buses/night trams, but this likely won't affect work-related travel. If you need night service, you'd need to purchase separate Night 1 tickets (120 NOK). The ticket remains valid as long as it's active when you board any transport.",,,,
deepseek-reasoner,persona+examples,4_day_traveler,True,"{'name': '7-day ticket', 'category': 'adult', 'number_of_zones': 2}","{'name': '7-day ticket', 'category': 'adult', 'number_of_zones': 2}","As a 28-year-old visitor traveling within 2 zones for 4 days, the 7-day adult ticket is the most economical choice. You’ll make 8 trips (2 trips/day x 4 days), and single tickets would cost 90 NOK x 8 = 720 NOK. The 7-day ticket costs 630 NOK and covers unlimited travel in 2 zones for 7 days, saving you 90 NOK. It also includes benefits like free city bike access and 2 hours of Hyre car rental. While the ticket technically covers 7 days, it’s still cheaper than single tickets for your 4-day stay. If you need flexibility for extra trips, this ticket allows that at no additional cost. Note: Night buses are not included for adults. The ticket is valid on buses, trams, and trains in zone A (if applicable).",,,,
deepseek-reasoner,persona+examples,fadderuke_student,True,"{'name': '30-day ticket', 'category': 'student', 'number_of_zones': 1}","{'name': '30-day ticket', 'category': 'student', 'number_of_zones': 1}","As a 20-year-old student with a valid student ID, you qualify for student tickets. Since you need to cover both regular buses and night buses frequently during the remaining week, the 30-day student ticket is recommended. It costs 555 NOK and includes unlimited travel in zone 1 for 30 days, night buses (unlike single tickets), Trondheim City Bike access, and 2 hours of Hyre car rental. Even though it’s valid for 30 days, it’s cheaper than buying multiple single tickets (45 NOK each) + Night 1 tickets (120 NOK each) if you travel frequently. For example, just 4 night bus trips and 8 daytime trips would cost 840 NOK with single tickets, while the 30-day ticket covers all travel at 555 NOK. If you travel less, single tickets could work, but the 30-day ticket offers flexibility and extra benefits.",,,,
deepseek-reasoner,persona+examples,fadderuke_student,False,"{'name': '30-day ticket', 'category': 'student', 'number_of_zones': 1}","{'name': '7-day ticket', 'category': 'student', 'number_of_zones': 1}","Som 20 år gammel student kvalifiserer du for studentkategorien (opptil 34 år). Siden du trenger billett for resten av fadderuka (en uke) og bruker både vanlig buss og nattbuss, anbefales 7-dagers studentbillett for 1 sone til 130 kr. Denne dekker ubegrenset reising på vanlig buss, sporvogner/tog i sone A, og nattbuss/nattsporvogn (unntatt voksenkategori). Dette er mer økonomisk enn enkeltbilletter (45 kr per tur) eller Night 1-billetter (120 kr per nattetur). Billetter må aktivieres i appen og er gyldige i 7 dager etter aktivering. Husk å ha studentbevis klar ved kontroll. Alternativt: Hvis du kun trenger 1-2 turer, kan enkeltbilletter være billigere, men de dekker ikke nattbuss.",,,,
deepseek-reasoner,persona+examples,daily_commuter,True,"{'name': '30-day ticket', 'category': 'adult', 'number_of_zones': 1}","{'name': '30-day ticket', 'category': 'adult', 'number_of_zones': 1}","As a 40 year old commuter traveling every weekday within one zone, the 30-day adult ticket is the best choice. You’ll make approximately 40 trips per month (5 days x 2 trips x 4 weeks). A single ticket would cost 1800 NOK/month (40 x 45 NOK), while the 30-day ticket costs 926 NOK/month and includes unlimited travel, night buses (except adult category), free Trondheim City Bike access, and 2 hours of Hyre car rental. The 180-day ticket (4630 NOK total, ~772 NOK/month) is cheaper per month but requires a 6-month commitment. Since your situation may change later this year, the 30-day ticket offers flexibility. If your commute remains stable, consider switching to the 180-day ticket later for greater savings. Remember this ticket also works on trams and trains if you travel within zone A.",,,,
deepseek-reasoner,persona+examples,daily_commuter,False,"{'name': '30-day ticket', 'category': 'adult', 'number_of_zones': 1}","{'name': '180-day ticket', 'category': 'adult', 'number_of_zones': 1}","As a 40 year old commuter traveling every weekday within one zone, the 180-day adult ticket is the most cost-effective option. It costs 4630 NOK total, averaging 771 NOK per month. This is cheaper than the 30-day ticket (926 NOK/month) and far more economical than single tickets (45 NOK/trip x ~40 trips/month = 1800 NOK/month). The 180-day ticket includes unlimited travel, night buses, 2 hours of Hyre car rental monthly, and Trondheim City Bike access. It’s ideal for consistent commuters. If your situation changes later, note that periodic tickets are non-refundable. An alternative is the 30-day ticket if you prefer shorter commitments. Both options cover buses, trams, and trains in zone A. Always ensure your ticket is valid when boarding.",,,,
deepseek-reasoner,persona+examples,daughter_social_events,True,"{'name': '30-day ticket', 'category': 'child', 'number_of_zones': 1}","{'name': '30-day ticket', 'category': 'child', 'number_of_zones': 1}","Som en 13 år gammel reisende tilhører datteren din «child»-kategorien (6-19 år). Med 2-3 turer i uken (ca 8-12 turer i måneden) koster enkeltbilletter 22 NOK per tur, totalt 176-264 NOK. En 30-dagers barnbillett koster 370 NOK og gir ubegrenset reising i én sone, inkludert nattbusser (viktig for sosiale arrangementer), gratis bysykkel og 2 timer Hyre leiebil. Denne blir lønnsom hvis hun reiser mer enn 17 ganger i måneden. Hvis du er usikker på antall turer, er dette det tryggeste valget for fleksibilitet. Enkeltbilletter kan likevel være billigere hvis reisevanene holder seg under 17 turer. Husk at barn under 16 år må kunne dokumentere alder ved kontroll.",,,,
deepseek-reasoner,persona+examples,youth_student,False,"{'name': '180-day ticket', 'category': 'child', 'number_of_zones': 1}","{'name': '30-day ticket', 'category': 'student', 'number_of_zones': 1}","As an 18-year-old student, you qualify for the student category (for students under 35 with valid ID). With 4 weekly university days and intense use during Fadderuke (including night travel), the 30-day student ticket is ideal. It costs 555 NOK and covers unlimited travel in 1 zone, night buses (valid for night travel except adult category), Trondheim City Bike access, and 2 free Hyre car hours/month. This is cheaper than single tickets (45 NOK x ~32 trips/month = 1440 NOK) and more practical than Night 1 tickets (120 NOK/night). The 180-day ticket (2775 NOK, ~462 NOK/month) could save money long-term, but the 30-day gives flexibility for your initial weeks. Always carry your student ID. If traveling within zone A, this ticket also works on trains/trams.",,,,
deepseek-reasoner,persona+examples,highschool_student,True,"{'name': 'Youth ticket', 'category': 'youth', 'number_of_zones': None}","{'name': 'Youth ticket', 'category': 'youth', 'number_of_zones': None}","As a 17-year-old high school student traveling daily within 4 zones and making weekend trips around the county, the youth ticket is ideal. At 555 NOK, it covers all zones (including express boats) and is cheaper than a 30-day child ticket for 4 zones (745 NOK). The youth ticket includes unlimited travel, night buses, Trondheim City Bike access, and 2 hours of Hyre car rental monthly. You qualify for this category as long as you can show valid proof of being a high school student. A single child ticket would cost about 880 NOK monthly for daily school trips alone, making the youth ticket more economical and flexible for your weekend travels.",,,,
deepseek-reasoner,persona+examples,youth_commuter,True,"{'name': 'Youth ticket', 'category': 'youth', 'number_of_zones': None}","{'name': 'Youth ticket', 'category': 'youth', 'number_of_zones': None}","As an 18-year-old student, you qualify for the youth category (16-19 years). The youth ticket costs 555 NOK and is valid for all zones and express boats in Trøndelag county, which covers your 3-zone travel needs. This ticket includes unlimited travel, night buses/trams, Trondheim City Bike access, and 2 hours of Hyre car rental monthly. It is significantly cheaper than buying single tickets (68 NOK per 3-zone child ticket) or a 30-day student ticket (930 NOK for 3 zones). The youth ticket is the most flexible and economical choice for your regular weekday and weekend travel. Remember to carry valid ID proving your age. If you only traveled occasionally, single tickets could be an alternative, but the youth ticket’s unlimited use and benefits make it ideal for frequent travel.",,,,
deepseek-reasoner,persona+examples,temporary_worker,True,"{'name': '60-day ticket', 'category': 'adult', 'number_of_zones': 1}","{'name': '60-day ticket', 'category': 'adult', 'number_of_zones': 1}","As a 41-year-old, you belong to the adult traveler category. For a 2-month work assignment with unlimited travel needs in one zone, the 60-day adult ticket is ideal. It costs 1852 NOK (equivalent to 926 NOK/month), which matches your timeframe exactly. This ticket includes unlimited travel, night buses (except adult category), access to Trondheim City Bike, and 2 hours of Hyre car rental monthly. Buying two 30-day tickets would cost the same (926 NOK x 2 = 1852 NOK), but the 60-day ticket ensures continuous coverage without renewal. Single tickets would be significantly more expensive (e.g., 45 NOK x 2 trips/day x 5 days/week x 8 weeks = 3600 NOK). The 60-day ticket also simplifies your travel experience with no need to purchase tickets daily.",,,,
deepseek-reasoner,persona+examples,internship_student,True,"{'name': '60-day ticket', 'category': 'student', 'number_of_zones': 1}","{'name': '60-day ticket', 'category': 'student', 'number_of_zones': 1}","As a 22-year-old student with a valid student ID, you qualify for student tickets. Since you’ll be traveling daily for two months within one zone, the 60-day student ticket is the most cost-effective option. It costs 1110 NOK total, which equals 555 NOK per month. This is significantly cheaper than single tickets (which would cost about 1980 NOK per month for daily round trips + occasional trips) and includes unlimited travel, night buses (except adult category), access to Trondheim City Bike, and 2 hours of Hyre car rental monthly. The 60-day ticket covers your entire internship period seamlessly. If your plans change, note that the 180-day student ticket (2775 NOK) could be considered if you need longer coverage, but the 60-day aligns perfectly with your two-month timeframe.",,,,
deepseek-reasoner,persona+examples,seasonal_worker,True,"{'name': '90-day ticket', 'category': 'adult', 'number_of_zones': 1}","{'name': '90-day ticket', 'category': 'adult', 'number_of_zones': 1}","As a 33-year-old adult working on a three-month seasonal contract, the 90-day adult ticket is ideal. It costs 2778 NOK (about 926 NOK/month) and covers all your commuting and weekend travel within one zone. This matches your contract duration exactly. Compared to single tickets (45 NOK/trip), you’d need to take about 62 trips in three months to match this price – a number you’ll likely exceed with daily commuting. The ticket includes unlimited travel, night buses (except adult category), Trondheim City Bike access, and 2 hours of Hyre car rental monthly. If your workplace is in zone A, it also covers trams and trains. For exact coverage, check the zone map in the ticket conditions.",,,,
deepseek-reasoner,persona+examples,long_term_guest,True,"{'name': '90-day ticket', 'category': 'senior', 'number_of_zones': 1}","{'name': '90-day ticket', 'category': 'senior', 'number_of_zones': 1}","Som 68-åring tilhører du senior-kategorien, som gir deg rett til rabatterte billetter. Siden du reiser nesten daglig i 3 måneder innen én sone, er 90-dagers seniorbillett det mest økonomiske valget. Den koster 1110 NOK totalt (370 NOK per måned), samme månedspris som 30-dagersbillett, men mer praktisk uten behov for fornyelse hver måned. Dette inkluderer ubegrenset reising, 2 timer gratis Hyre-bil hver måned, bysykkel, og nattbuss/trikk (unntatt voksenkategorien). Til sammenligning ville enkeltbilletter til 22 NOK per tur (antatt 2 turer/dag) kostet rundt 3960 NOK for 3 måneder. 90-dagersbilletten dekker også tog/trikk i sone A. Husk å alltid ha med legitimasjon som bekrefter din alder.",,,,
deepseek-reasoner,persona+examples,commuter_christmas_vacation,True,"{'name': '180-day ticket', 'category': 'adult', 'number_of_zones': 2}","{'name': '180-day ticket', 'category': 'adult', 'number_of_zones': 2}","As a 35-year-old commuting daily within 2 zones, the 180-day adult ticket is the most cost-effective option. It costs 6150 NOK (≈1025 NOK/month), while a 30-day ticket costs 1230 NOK/month. Even with a 1-week vacation, the 180-day ticket remains cheaper long-term. It includes unlimited travel, night buses (except adult category), 2 hours of Hyre car rental monthly, and Trondheim City Bike access. If you prefer flexibility, a 30-day ticket (1230 NOK) is an alternative but has a higher monthly cost. The 180-day ticket ensures coverage for your daily commute and occasional trips, with validity starting when activated. Remember to verify your ticket validity period to align with your vacation plans.",,,,
deepseek-reasoner,persona+examples,commuter_christmas_vacation,False,"{'name': '180-day ticket', 'category': 'adult', 'number_of_zones': 2}","{'name': '30-day ticket', 'category': 'adult', 'number_of_zones': 2}","As a 35-year-old commuter traveling within 2 zones every weekday, the 30-day adult ticket is the most cost-effective option. At 1230 NOK for unlimited travel, this averages 41 NOK per day (assuming 30 days). With 20-22 workdays monthly, single tickets (90 NOK per trip, 180 NOK daily) would cost about 3600-3960 NOK monthly. The 30-day ticket also includes night buses (except adult category), Trondheim City Bike access, and 2 hours of Hyre car rental monthly. Even with a one-week vacation, the ticket remains economical as it covers your full commute period. If your vacation falls within the 30-day validity, you can still use the ticket for other trips. For longer-term savings, the 180-day ticket (6150 NOK, ~1025 NOK/month) could be considered if you plan to commute beyond December. Always ensure your ticket is valid when boarding.",,,,
deepseek-reasoner,persona+examples,long_term_worker,True,"{'name': '180-day ticket', 'category': 'adult', 'number_of_zones': 1}","{'name': '180-day ticket', 'category': 'adult', 'number_of_zones': 1}","As a 50-year-old, you fall into the adult traveler category. Since you'll be commuting daily for six months within one zone, the 180-day adult ticket is the most cost-effective choice. It costs 4630 NOK for six months (about 772 NOK per month), compared to 926 NOK/month for a 30-day ticket or 135 NOK/day for a 24-hour ticket. The 180-day ticket includes unlimited travel, free access to Trondheim City Bike, and 2 hours of Hyre car rental monthly. It also covers your entire commute and any additional trips within the zone. If you prefer more flexibility, the 30-day ticket (926 NOK) could be an alternative, but it would cost significantly more over six months. Remember the ticket is valid on buses, trams, and trains in zone A, and remains valid as long as it's active when you board.",,,,
deepseek-reasoner,persona+examples,foreign_student,True,"{'name': '180-day ticket', 'category': 'student', 'number_of_zones': 1}","{'name': '180-day ticket', 'category': 'student', 'number_of_zones': 1}","As a 24-year-old exchange student, you qualify for the student category (for students under 35 years old). Since you'll be in Trondheim for six months and use public transport daily for both university and social activities, the 180-day student ticket is ideal. It costs 2775 NOK total (about 462.50 NOK/month), which is significantly cheaper than buying single tickets (which would cost 2700 NOK/month for just university trips alone). This ticket gives unlimited travel in one zone for 180 days, includes night buses (except adult category), two free Hyre car hours monthly, and Trondheim City Bike access. It also covers trams and trains in zone A. Remember to always carry your valid student ID.",,,,
deepseek-reasoner,persona+examples,city_commuter_longterm,True,"{'name': '180-day ticket', 'category': 'adult', 'number_of_zones': 1}","{'name': '180-day ticket', 'category': 'adult', 'number_of_zones': 1}","As a 32 year old, you belong to the adult category (20-66 years). Traveling every weekday for work (10 round trips) plus occasional trips for shopping/errands (estimated 4-6 extra trips weekly) totals around 60-70 trips per month. A 180-day adult ticket for 1 zone costs 4630 NOK, averaging 772 NOK/month. This is cheaper than a 30-day ticket (926 NOK/month) and significantly cheaper than single tickets (45 NOK/trip, 2700-3150 NOK/month). The 180-day ticket also includes unlimited travel, night buses (except adult category), Trondheim City Bike access, and 2 hours of Hyre car rental monthly. If your usage decreases, the 30-day ticket (926 NOK) becomes an alternative. Both options cover your entire journey if valid when boarding. For zone A, the ticket also works on trams and trains.",,,,
deepseek-reasoner,persona+examples,night_worker,True,"{'name': 'Night 1', 'category': 'adult', 'number_of_zones': None}","{'name': 'Night 1', 'category': 'adult', 'number_of_zones': None}","As a 31 year old, you fall into the adult category. For night buses in Trondheim, the Night 1 ticket is the only valid option. It costs 120 NOK per trip and is valid for single trips on night buses (101-116, 4101) and night trams between 00:30-04:00 on weekends. This ticket cannot be combined with other services or transfers. Since you only need it for your return journey from work, purchasing individual Night 1 tickets as needed is the most suitable choice. Periodic tickets (like 30-day) would not be cost-effective here, as they don't include night bus access for adults. Remember to purchase the Night 1 ticket via the AtB app or ticket machine before boarding.",,,,
deepseek-reasoner,persona+examples,partygoer,True,"{'name': 'Night 1', 'category': 'adult', 'number_of_zones': None}","{'name': 'Night 1', 'category': 'adult', 'number_of_zones': None}","As a 25 year old, you belong to the adult category. Since you primarily use the night bus occasionally on weekends within one zone, the Night 1 ticket at 120 NOK per trip is the best fit. This ticket is specifically designed for night buses (routes 101-116, 4101 and night tram) between 00:30-04:00 on weekends. Periodic tickets (like 30-day) would normally be cheaper for frequent use, but note that adult category periodic tickets explicitly exclude night bus access. The Night 1 ticket gives you a single trip without transfers. If you use the night bus twice a month, this would cost 240 NOK monthly. A 30-day adult ticket (926 NOK) would be more expensive and wouldn't cover your night trips. Remember this ticket can only be purchased during the night service hours (00:30-04:00) on weekends.",,,,
deepseek-reasoner,persona+examples,parent_for_child,True,"{'name': 'Carnet bus', 'category': 'child', 'number_of_zones': 1}","{'name': 'Carnet bus', 'category': 'child', 'number_of_zones': 1}","For et 10 år gammelt barn som reiser av og til innen én sone, er et klippekort (Carnet bus) det mest fleksible og økonomiske valget. Klippekortet gir 10 enkeltbilletter til 220 NOK totalt (22 NOK per tur), samme pris som enkeltbilletter, men du får billetter klare på forhånd. Dette passer godt til sporadisk bruk uten å binde seg til en periodebillett. Klippekortet utløper ikke, så barnet kan bruke billettene over lengre tid. Hver billett er gyldig i 90 minutter (opptil 3 timer etter kl. 18 på ukedager eller i helger), og kan brukes på buss, trikk og tog i sone A. Som alternativ kan du vurdere enkeltbilletter dersom reisefrekvensen er svært lav (f.eks. under 1-2 turer i måneden).",,,,
deepseek-reasoner,persona+examples,parent_for_child,False,"{'name': 'Carnet bus', 'category': 'child', 'number_of_zones': 1}","{'name': 'Single ticket', 'category': 'child', 'number_of_zones': 1}","For a 10-year-old child who travels occasionally, single child tickets at 22 NOK per trip are the most flexible and cost-effective option. Since your child doesn't travel regularly, periodic tickets would likely be more expensive. A single ticket is valid for 90 minutes (or up to 3 hours if activated after 18:00/weekends), allowing transfers between buses/trams. If you want to avoid purchasing tickets each time, consider the Carnet bus (10 prepaid single tickets for 220 NOK) which maintains the same price per ticket but offers convenience. The 30-day child ticket (370 NOK) only becomes economical if your child travels more than 17 times per month. Remember to inform your child to always carry valid ID to prove their age if requested during ticket inspections.",,,,
